game,platforms,base_layout_matters,attack_agency,scouting_or_prep,alliance_geography,seasonality,primary_progression,monetization_signal,lesson,deliberate_rejection,source
Edgeworld,Facebook/iOS beta,high,placement plus autonomous battle,yes,contiguous alliance map,unknown,base-tech-unit timers,premium currency and speed pressure,preserve readable breach planning,do not copy expression or timer economy,https://www.gamezebo.com/reviews/edgeworld-review/
Clash of Clans,mobile/tablet,high,high in staged attacks,yes,clans and clan territory modes,periodic events,base-troop-hero progression,IAP and convenience,learn clarity and social challenge,do not match content breadth,https://support.supercell.com/clash-of-clans/en/articles/builder-base-versus-battles-3.html
Last War: Survival,mobile,medium,hero/army and event combat,medium,connected alliance/faction territory,8-week example seasons,hero-building-research,heavy live-ops/IAP signal,learn seasonal refresh,do not match hero/event volume,https://lastwarsurvival.com/seasons/s6
Whiteout Survival,mobile,medium,army/hero conflict,medium,alliance territory chokepoints and state wars,seasonal SvS,city-hero-tech,heavy live-ops/IAP signal,learn map stakes and protection,do not require alliance bureaucracy,https://wiki.wosforge.org/wiki/Territory/en
Star Trek Fleet Command,Android/iOS/Windows/Mac,medium,fleet composition and scheduled takeover,yes,adjacent zone territory and services,weekly takeovers,operations-fleet-officers,IP/live-ops/IAP,learn explicit adjacency and scheduled windows,do not rely on licensed IP or galaxy breadth,https://startrekfleetcommand.scopely.com/rules/
Infinite Lagrange,Android/iOS/PC web,low-to-medium,fleet composition and MMO map,yes,alliances conquer galaxy,ongoing,ships-research-base,live-service/IAP signal,learn focused space fantasy,do not build fleet-scale content,https://www.infinitelagrange.com/pc/ign/
Rise of Kingdoms,mobile,medium,real-time marches and rallies,medium,alliance map territory,seasonal kingdoms,civilization-commanders-tech,heavy 4X monetization signal,learn coordination,do not create a full-time job,https://en.wikipedia.org/wiki/Rise_of_Kingdoms
State of Survival,mobile,low-to-medium,army/hero events,medium,alliance/state territory,State-vs-State,heroes-city-tech,heavy 4X monetization signal,learn social stakes,do not use power walls,https://www.reddit.com/r/State_of_Survival/comments/oe57zv/
Kingshot,mobile,low-to-medium,army/hero strategy,medium,flags/HQ/territory planning,seasonal/community tools,city-hero-tech,heavy 4X monetization signal,learn native map planning,do not outsource complexity to spreadsheets,https://www.kingshot.me/map-planner/
